Object Name,Bounding Box,Area,Overlap Area,Percentage
Bia_Truc_Bach,"(748, 236), (1007, 542)",79254,0.0,0.0
Fanta,"(0, 630), (172, 720)",15480,0.0,0.0
Bia_Truc_Bach,"(748, 235), (1005, 544)",79413,0.0,0.0
Fanta,"(0, 630), (173, 720)",15570,0.0,0.0
Bia_Truc_Bach,"(747, 233), (1006, 543)",80290,0.0,0.0
Fanta,"(0, 630), (173, 720)",15570,0.0,0.0
Bia_Truc_Bach,"(747, 234), (1005, 544)",79980,0.0,0.0
Fanta,"(0, 630), (173, 720)",15570,0.0,0.0
Bia_Truc_Bach,"(747, 234), (1004, 543)",79413,0.0,0.0
Fanta,"(0, 630), (173, 720)",15570,0.0,0.0
Bia_Truc_Bach,"(746, 234), (1004, 545)",80238,0.0,0.0
Fanta,"(0, 630), (174, 720)",15660,0.0,0.0
Bia_Truc_Bach,"(746, 233), (1003, 545)",80184,0.0,0.0
Fanta,"(0, 630), (174, 720)",15660,0.0,0.0
Bia_Truc_Bach,"(746, 233), (1001, 546)",79815,0.0,0.0
Fanta,"(0, 629), (174, 720)",15834,0.0,0.0
Bia_Truc_Bach,"(745, 233), (1000, 547)",80070,0.0,0.0
Fanta,"(0, 629), (173, 720)",15743,0.0,0.0
Bia_Truc_Bach,"(744, 232), (1000, 547)",80640,0.0,0.0
Fanta,"(0, 630), (173, 720)",15570,0.0,0.0
Bia_Truc_Bach,"(744, 231), (999, 547)",80580,0.0,0.0
Fanta,"(0, 629), (173, 720)",15743,0.0,0.0
Bia_Truc_Bach,"(744, 231), (997, 545)",79442,0.0,0.0
Fanta,"(0, 629), (173, 720)",15743,0.0,0.0
Bia_Truc_Bach,"(744, 233), (995, 543)",77810,0.0,0.0
Fanta,"(0, 629), (173, 720)",15743,0.0,0.0
Bia_Truc_Bach,"(744, 232), (995, 544)",78312,0.0,0.0
Fanta,"(0, 629), (173, 720)",15743,0.0,0.0
Bia_Truc_Bach,"(744, 231), (994, 542)",77750,0.0,0.0
Fanta,"(0, 629), (173, 720)",15743,0.0,0.0
Bia_Truc_Bach,"(744, 231), (993, 541)",77190,0.0,0.0
Fanta,"(0, 629), (173, 720)",15743,0.0,0.0
Bia_Truc_Bach,"(745, 231), (993, 541)",76880,0.0,0.0
Fanta,"(0, 629), (172, 720)",15652,0.0,0.0
Bia_Truc_Bach,"(745, 230), (992, 541)",76817,0.0,0.0
Fanta,"(0, 629), (173, 720)",15743,0.0,0.0
Bia_Truc_Bach,"(745, 230), (993, 541)",77128,0.0,0.0
Fanta,"(0, 629), (173, 720)",15743,0.0,0.0
Bia_Truc_Bach,"(745, 229), (993, 541)",77376,0.0,0.0
Fanta,"(0, 629), (173, 720)",15743,0.0,0.0
Bia_Truc_Bach,"(746, 230), (993, 540)",76570,0.0,0.0
Fanta,"(0, 629), (173, 720)",15743,0.0,0.0
Bia_Truc_Bach,"(746, 229), (995, 541)",77688,0.0,0.0
Fanta,"(0, 629), (173, 720)",15743,0.0,0.0
Bia_Truc_Bach,"(746, 229), (995, 541)",77688,0.0,0.0
Fanta,"(0, 629), (173, 720)",15743,0.0,0.0
Bia_Truc_Bach,"(747, 228), (996, 541)",77937,0.0,0.0
Fanta,"(0, 629), (173, 720)",15743,0.0,0.0
Bia_Truc_Bach,"(747, 228), (996, 541)",77937,0.0,0.0
Fanta,"(0, 629), (173, 720)",15743,0.0,0.0
Bia_Truc_Bach,"(748, 228), (997, 540)",77688,0.0,0.0
Fanta,"(0, 629), (173, 720)",15743,0.0,0.0
Bia_Truc_Bach,"(749, 227), (997, 540)",77624,0.0,0.0
Fanta,"(0, 630), (172, 720)",15480,0.0,0.0
Bia_Truc_Bach,"(749, 226), (997, 539)",77624,0.0,0.0
Fanta,"(0, 630), (173, 720)",15570,0.0,0.0
Bia_Truc_Bach,"(751, 225), (997, 538)",76998,0.0,0.0
Fanta,"(0, 630), (173, 720)",15570,0.0,0.0
Bia_Truc_Bach,"(752, 225), (997, 538)",76685,0.0,0.0
Fanta,"(0, 630), (173, 720)",15570,0.0,0.0
Bia_Truc_Bach,"(755, 222), (997, 538)",76472,0.0,0.0
Fanta,"(0, 630), (173, 720)",15570,0.0,0.0
Bia_Truc_Bach,"(756, 221), (995, 537)",75524,0.0,0.0
Fanta,"(0, 630), (174, 720)",15660,0.0,0.0
Bia_Truc_Bach,"(757, 220), (995, 536)",75208,0.0,0.0
Fanta,"(0, 629), (174, 720)",15834,0.0,0.0
Bia_Truc_Bach,"(757, 219), (995, 535)",75208,0.0,0.0
Fanta,"(0, 629), (174, 720)",15834,0.0,0.0
Bia_Truc_Bach,"(758, 219), (995, 535)",74892,0.0,0.0
Fanta,"(0, 629), (173, 720)",15743,0.0,0.0
Bia_Truc_Bach,"(758, 219), (995, 536)",75129,0.0,0.0
Fanta,"(0, 629), (173, 720)",15743,0.0,0.0
Bia_Truc_Bach,"(758, 219), (995, 536)",75129,0.0,0.0
Fanta,"(0, 629), (174, 720)",15834,0.0,0.0
Bia_Truc_Bach,"(757, 219), (995, 536)",75446,0.0,0.0
Fanta,"(0, 629), (174, 720)",15834,0.0,0.0
Bia_Truc_Bach,"(756, 219), (993, 536)",75129,0.0,0.0
Fanta,"(0, 629), (174, 720)",15834,0.0,0.0
Bia_Truc_Bach,"(756, 218), (993, 536)",75366,0.0,0.0
Fanta,"(0, 629), (174, 720)",15834,0.0,0.0
Bia_Truc_Bach,"(755, 218), (992, 535)",75129,0.0,0.0
Fanta,"(0, 629), (174, 720)",15834,0.0,0.0
Bia_Truc_Bach,"(752, 218), (986, 537)",74646,0.0,0.0
Fanta,"(0, 629), (174, 720)",15834,0.0,0.0
Bia_Truc_Bach,"(749, 217), (984, 535)",74730,0.0,0.0
Fanta,"(0, 629), (174, 720)",15834,0.0,0.0
Bia_Truc_Bach,"(748, 216), (981, 535)",74327,0.0,0.0
Fanta,"(0, 629), (174, 720)",15834,0.0,0.0
Bia_Truc_Bach,"(746, 216), (981, 534)",74730,0.0,0.0
Fanta,"(0, 629), (174, 720)",15834,0.0,0.0
Bia_Truc_Bach,"(744, 216), (979, 534)",74730,0.0,0.0
Fanta,"(0, 629), (173, 720)",15743,0.0,0.0
Bia_Truc_Bach,"(744, 216), (978, 532)",73944,0.0,0.0
Fanta,"(0, 629), (174, 720)",15834,0.0,0.0
Bia_Truc_Bach,"(743, 215), (976, 532)",73861,0.0,0.0
Fanta,"(0, 629), (173, 720)",15743,0.0,0.0
Bia_Truc_Bach,"(743, 215), (975, 533)",73776,0.0,0.0
Fanta,"(0, 629), (173, 720)",15743,0.0,0.0
Bia_Truc_Bach,"(743, 215), (974, 532)",73227,0.0,0.0
Fanta,"(0, 629), (174, 720)",15834,0.0,0.0
Bia_Truc_Bach,"(743, 214), (973, 532)",73140,0.0,0.0
Fanta,"(0, 629), (173, 720)",15743,0.0,0.0
Bia_Truc_Bach,"(743, 214), (973, 531)",72910,0.0,0.0
Fanta,"(0, 629), (173, 720)",15743,0.0,0.0
Bia_Truc_Bach,"(743, 213), (973, 531)",73140,0.0,0.0
Fanta,"(0, 629), (174, 720)",15834,0.0,0.0
Bia_Truc_Bach,"(743, 213), (972, 530)",72593,0.0,0.0
Fanta,"(0, 629), (173, 720)",15743,0.0,0.0
Bia_Truc_Bach,"(742, 211), (973, 529)",73458,0.0,0.0
Fanta,"(0, 629), (174, 720)",15834,0.0,0.0
Bia_Truc_Bach,"(742, 210), (973, 529)",73689,0.0,0.0
Fanta,"(0, 629), (173, 720)",15743,0.0,0.0
Bia_Truc_Bach,"(740, 210), (971, 529)",73689,0.0,0.0
Fanta,"(0, 629), (173, 720)",15743,0.0,0.0
Bia_Truc_Bach,"(738, 209), (969, 527)",73458,0.0,0.0
Fanta,"(0, 630), (173, 720)",15570,0.0,0.0
Bia_Truc_Bach,"(737, 208), (967, 528)",73600,0.0,0.0
Fanta,"(0, 630), (173, 720)",15570,0.0,0.0
Bia_Truc_Bach,"(734, 207), (965, 527)",73920,0.0,0.0
Fanta,"(0, 630), (173, 720)",15570,0.0,0.0
Bia_Truc_Bach,"(732, 206), (962, 525)",73370,0.0,0.0
Fanta,"(0, 630), (173, 720)",15570,0.0,0.0
Bia_Truc_Bach,"(726, 205), (960, 524)",74646,0.0,0.0
Fanta,"(0, 630), (173, 720)",15570,0.0,0.0
Bia_Truc_Bach,"(718, 203), (953, 523)",75200,0.0,0.0
Fanta,"(0, 630), (173, 720)",15570,0.0,0.0
Bia_Truc_Bach,"(714, 203), (951, 523)",75840,0.0,0.0
Fanta,"(0, 630), (174, 720)",15660,0.0,0.0
Bia_Truc_Bach,"(711, 204), (939, 521)",72276,0.0,0.0
Fanta,"(0, 629), (174, 720)",15834,0.0,0.0
Bia_Truc_Bach,"(705, 203), (935, 521)",73140,0.0,0.0
Fanta,"(0, 629), (173, 720)",15743,0.0,0.0
Bia_Truc_Bach,"(699, 201), (930, 517)",72996,0.0,0.0
Fanta,"(0, 629), (173, 720)",15743,0.0,0.0
Bia_Truc_Bach,"(695, 200), (920, 519)",71775,0.0,0.0
Fanta,"(0, 629), (173, 720)",15743,0.0,0.0
Bia_Truc_Bach,"(684, 198), (912, 520)",73416,0.0,0.0
Fanta,"(0, 629), (173, 720)",15743,0.0,0.0
Bia_Truc_Bach,"(678, 196), (904, 520)",73224,0.0,0.0
Fanta,"(0, 629), (173, 720)",15743,0.0,0.0
Bia_Truc_Bach,"(672, 197), (902, 519)",74060,0.0,0.0
Fanta,"(0, 629), (174, 720)",15834,0.0,0.0
Bia_Truc_Bach,"(667, 196), (898, 517)",74151,0.0,0.0
Fanta,"(0, 628), (173, 720)",15916,0.0,0.0
Bia_Truc_Bach,"(660, 193), (894, 517)",75816,0.0,0.0
Fanta,"(0, 628), (173, 720)",15916,0.0,0.0
Bia_Truc_Bach,"(650, 191), (886, 514)",76228,0.0,0.0
Fanta,"(0, 628), (174, 720)",16008,0.0,0.0
Bia_Truc_Bach,"(643, 190), (875, 510)",74240,0.0,0.0
Fanta,"(0, 628), (173, 720)",15916,0.0,0.0
Bia_Truc_Bach,"(636, 188), (868, 507)",74008,0.0,0.0
Fanta,"(0, 628), (173, 720)",15916,0.0,0.0
Bia_Truc_Bach,"(629, 187), (854, 505)",71550,0.0,0.0
Fanta,"(0, 628), (173, 720)",15916,0.0,0.0
Bia_Truc_Bach,"(620, 184), (847, 505)",72867,0.0,0.0
Fanta,"(0, 628), (173, 720)",15916,0.0,0.0
Bia_Truc_Bach,"(615, 181), (841, 503)",72772,0.0,0.0
Fanta,"(0, 628), (173, 720)",15916,0.0,0.0
Bia_Truc_Bach,"(609, 179), (835, 502)",72998,0.0,0.0
Fanta,"(0, 628), (173, 720)",15916,0.0,0.0
Bia_Truc_Bach,"(605, 177), (833, 498)",73188,0.0,0.0
Fanta,"(0, 628), (173, 720)",15916,0.0,0.0
Bia_Truc_Bach,"(600, 176), (826, 499)",72998,0.0,0.0
Fanta,"(0, 629), (173, 720)",15743,0.0,0.0
Bia_Truc_Bach,"(597, 176), (823, 498)",72772,0.0,0.0
Fanta,"(0, 629), (174, 720)",15834,0.0,0.0
Bia_Truc_Bach,"(593, 175), (818, 499)",72900,0.0,0.0
Fanta,"(0, 629), (173, 720)",15743,0.0,0.0
Bia_Truc_Bach,"(590, 176), (818, 498)",73416,0.0,0.0
Fanta,"(0, 629), (173, 720)",15743,0.0,0.0
Bia_Truc_Bach,"(589, 175), (817, 499)",73872,0.0,0.0
Fanta,"(0, 629), (173, 720)",15743,0.0,0.0
Bia_Truc_Bach,"(588, 176), (817, 499)",73967,0.0,0.0
Fanta,"(0, 629), (173, 720)",15743,0.0,0.0
Bia_Truc_Bach,"(588, 176), (817, 498)",73738,0.0,0.0
Fanta,"(0, 629), (173, 720)",15743,0.0,0.0
Bia_Truc_Bach,"(588, 176), (818, 498)",74060,0.0,0.0
Fanta,"(0, 629), (173, 720)",15743,0.0,0.0
Bia_Truc_Bach,"(587, 176), (818, 498)",74382,0.0,0.0
Fanta,"(0, 629), (172, 720)",15652,0.0,0.0
Bia_Truc_Bach,"(586, 174), (817, 500)",75306,0.0,0.0
Fanta,"(0, 629), (174, 720)",15834,0.0,0.0
Bia_Truc_Bach,"(585, 173), (818, 501)",76424,0.0,0.0
Fanta,"(0, 628), (173, 720)",15916,0.0,0.0
Bia_Truc_Bach,"(584, 173), (819, 501)",77080,0.0,0.0
Fanta,"(0, 628), (173, 720)",15916,0.0,0.0
Bia_Truc_Bach,"(585, 174), (820, 500)",76610,0.0,0.0
Fanta,"(0, 628), (174, 720)",16008,0.0,0.0
Bia_Truc_Bach,"(584, 175), (825, 502)",78807,0.0,0.0
Fanta,"(0, 628), (173, 720)",15916,0.0,0.0
Bia_Truc_Bach,"(586, 174), (835, 502)",81672,0.0,0.0
Fanta,"(0, 628), (173, 720)",15916,0.0,0.0
Bia_Truc_Bach,"(590, 172), (844, 501)",83566,0.0,0.0
Fanta,"(0, 629), (173, 720)",15743,0.0,0.0
Bia_Truc_Bach,"(596, 170), (858, 502)",86984,0.0,0.0
Fanta,"(0, 628), (173, 720)",15916,0.0,0.0
Bia_Truc_Bach,"(605, 169), (873, 502)",89244,0.0,0.0
Fanta,"(0, 628), (173, 720)",15916,0.0,0.0
Bia_Truc_Bach,"(613, 166), (886, 500)",91182,0.0,0.0
Fanta,"(0, 629), (173, 720)",15743,0.0,0.0
Fanta,"(0, 628), (173, 720)",15916,0.0,0.0
Bia_Truc_Bach,"(627, 165), (899, 495)",89760,89312.2265625,99.50114367479947
Bia_Truc_Bach,"(627, 165), (898, 498)",90243,89312.2265625,98.96859209301553
Bia_Truc_Bach,"(647, 162), (907, 491)",85540,0.0,0.0
Fanta,"(0, 628), (173, 720)",15916,0.0,0.0
Bia_Truc_Bach,"(661, 159), (919, 491)",85656,0.0,0.0
Fanta,"(0, 629), (173, 720)",15743,0.0,0.0
Bia_Truc_Bach,"(677, 154), (935, 492)",87204,0.0,0.0
Fanta,"(0, 629), (173, 720)",15743,0.0,0.0
Bia_Truc_Bach,"(693, 156), (943, 489)",83250,0.0,0.0
Fanta,"(0, 629), (173, 720)",15743,0.0,0.0
Fanta,"(0, 629), (173, 720)",15743,0.0,0.0
Bia_Truc_Bach,"(710, 155), (958, 486)",82088,80181.5546875,97.67755906770783
Bia_Truc_Bach,"(712, 155), (955, 485)",80190,80181.5546875,99.98946837199152
Bia_Truc_Bach,"(723, 156), (969, 486)",81180,0.0,0.0
Fanta,"(0, 629), (173, 720)",15743,0.0,0.0
Bia_Truc_Bach,"(737, 157), (974, 487)",78210,0.0,0.0
Fanta,"(0, 629), (173, 720)",15743,0.0,0.0
Bia_Truc_Bach,"(747, 158), (982, 487)",77315,0.0,0.0
Fanta,"(0, 630), (173, 720)",15570,0.0,0.0
Bia_Truc_Bach,"(760, 158), (995, 488)",77550,0.0,0.0
Fanta,"(0, 630), (173, 720)",15570,0.0,0.0
Bia_Truc_Bach,"(771, 159), (999, 490)",75468,74879.6796875,99.22043738736947
Fanta,"(0, 630), (173, 720)",15570,0.0,0.0
Bia_Truc_Bach,"(771, 160), (999, 489)",75012,74879.6796875,99.82360114048419
Bia_Truc_Bach,"(778, 162), (1005, 491)",74683,74445.2265625,99.68162307687157
Fanta,"(0, 630), (173, 720)",15570,0.0,0.0
Bia_Truc_Bach,"(778, 160), (1006, 489)",75012,74445.2265625,99.24442297565723
Bia_Truc_Bach,"(784, 161), (1010, 490)",74354,0.0,0.0
Fanta,"(0, 630), (173, 720)",15570,0.0,0.0
Bia_Truc_Bach,"(790, 163), (1016, 492)",74354,0.0,0.0
Fanta,"(0, 630), (173, 720)",15570,0.0,0.0
Bia_Truc_Bach,"(797, 163), (1024, 494)",75137,0.0,0.0
Fanta,"(0, 630), (173, 720)",15570,0.0,0.0
Bia_Truc_Bach,"(804, 164), (1027, 495)",73813,0.0,0.0
Fanta,"(0, 630), (173, 720)",15570,0.0,0.0
Bia_Truc_Bach,"(807, 164), (1031, 497)",74592,0.0,0.0
Fanta,"(0, 630), (173, 720)",15570,0.0,0.0
Bia_Truc_Bach,"(811, 165), (1035, 497)",74368,0.0,0.0
Fanta,"(0, 630), (173, 720)",15570,0.0,0.0
Bia_Truc_Bach,"(816, 166), (1042, 497)",74806,0.0,0.0
Fanta,"(0, 630), (173, 720)",15570,0.0,0.0
Bia_Truc_Bach,"(821, 167), (1048, 497)",74910,0.0,0.0
Fanta,"(0, 629), (173, 720)",15743,0.0,0.0
Bia_Truc_Bach,"(826, 167), (1059, 499)",77356,0.0,0.0
Fanta,"(0, 630), (173, 720)",15570,0.0,0.0
Bia_Truc_Bach,"(832, 167), (1063, 500)",76923,0.0,0.0
Fanta,"(0, 631), (173, 720)",15397,0.0,0.0
Bia_Truc_Bach,"(836, 166), (1067, 500)",77154,0.0,0.0
Fanta,"(0, 631), (173, 720)",15397,0.0,0.0
Bia_Truc_Bach,"(840, 165), (1071, 498)",76923,76230.78125,99.10011472511474
Fanta,"(0, 631), (172, 720)",15308,0.0,0.0
Bia_Truc_Bach,"(841, 166), (1071, 500)",76820,76230.78125,99.23298782869044
Bia_Truc_Bach,"(845, 163), (1076, 497)",77154,0.0,0.0
Fanta,"(0, 631), (172, 720)",15308,0.0,0.0
Bia_Truc_Bach,"(848, 162), (1079, 495)",76923,76656.2109375,99.65317387192387
Fanta,"(0, 631), (173, 720)",15397,0.0,0.0
Bia_Truc_Bach,"(848, 162), (1082, 496)",78156,76656.2109375,98.08103144672195
Bia_Truc_Bach,"(852, 160), (1089, 494)",79158,0.0,0.0
Fanta,"(0, 630), (172, 720)",15480,0.0,0.0
Bia_Truc_Bach,"(857, 158), (1092, 492)",78490,0.0,0.0
Fanta,"(0, 630), (172, 720)",15480,0.0,0.0
Bia_Truc_Bach,"(861, 155), (1094, 489)",77822,0.0,0.0
Fanta,"(0, 630), (173, 720)",15570,0.0,0.0
Bia_Truc_Bach,"(863, 152), (1095, 488)",77952,0.0,0.0
Fanta,"(0, 630), (173, 720)",15570,0.0,0.0
Bia_Truc_Bach,"(866, 148), (1099, 487)",78987,0.0,0.0
Fanta,"(0, 631), (174, 720)",15486,0.0,0.0
Bia_Truc_Bach,"(867, 144), (1101, 485)",79794,0.0,0.0
Fanta,"(0, 631), (173, 720)",15397,0.0,0.0
Bia_Truc_Bach,"(868, 142), (1103, 479)",79195,0.0,0.0
Fanta,"(0, 631), (173, 720)",15397,0.0,0.0
Bia_Truc_Bach,"(868, 138), (1105, 472)",79158,0.0,0.0
Fanta,"(0, 630), (173, 720)",15570,0.0,0.0
Bia_Truc_Bach,"(870, 135), (1107, 468)",78921,0.0,0.0
Fanta,"(0, 631), (172, 720)",15308,0.0,0.0
Bia_Truc_Bach,"(871, 133), (1108, 464)",78447,0.0,0.0
Fanta,"(0, 630), (172, 720)",15480,0.0,0.0
Bia_Truc_Bach,"(872, 130), (1110, 461)",78778,0.0,0.0
Fanta,"(0, 630), (172, 720)",15480,0.0,0.0
Bia_Truc_Bach,"(874, 127), (1112, 457)",78540,0.0,0.0
Fanta,"(0, 630), (172, 720)",15480,0.0,0.0
Bia_Truc_Bach,"(873, 123), (1114, 455)",80012,0.0,0.0
Fanta,"(0, 630), (172, 720)",15480,0.0,0.0
Bia_Truc_Bach,"(874, 120), (1115, 453)",80253,0.0,0.0
Fanta,"(0, 631), (172, 720)",15308,0.0,0.0
Bia_Truc_Bach,"(875, 118), (1117, 450)",80344,0.0,0.0
Fanta,"(0, 631), (173, 720)",15397,0.0,0.0
Bia_Truc_Bach,"(875, 115), (1116, 449)",80494,0.0,0.0
Fanta,"(0, 631), (173, 720)",15397,0.0,0.0
Bia_Truc_Bach,"(875, 112), (1118, 447)",81405,0.0,0.0
Fanta,"(0, 630), (173, 720)",15570,0.0,0.0
Bia_Truc_Bach,"(875, 110), (1121, 445)",82410,0.0,0.0
Fanta,"(0, 630), (173, 720)",15570,0.0,0.0
Bia_Truc_Bach,"(875, 109), (1122, 442)",82251,0.0,0.0
Fanta,"(0, 630), (172, 720)",15480,0.0,0.0
Bia_Truc_Bach,"(875, 108), (1122, 440)",82004,0.0,0.0
Fanta,"(0, 631), (172, 720)",15308,0.0,0.0
Bia_Truc_Bach,"(875, 106), (1123, 438)",82336,0.0,0.0
Fanta,"(0, 630), (172, 720)",15480,0.0,0.0
Bia_Truc_Bach,"(874, 103), (1124, 436)",83250,0.0,0.0
Fanta,"(0, 630), (172, 720)",15480,0.0,0.0
Bia_Truc_Bach,"(874, 100), (1124, 434)",83500,0.0,0.0
Fanta,"(0, 630), (173, 720)",15570,0.0,0.0
Bia_Truc_Bach,"(875, 99), (1123, 432)",82584,0.0,0.0
Fanta,"(0, 630), (173, 720)",15570,0.0,0.0
Bia_Truc_Bach,"(876, 97), (1125, 429)",82668,0.0,0.0
Fanta,"(0, 631), (173, 720)",15397,0.0,0.0
Bia_Truc_Bach,"(876, 96), (1125, 427)",82419,0.0,0.0
Fanta,"(0, 631), (173, 720)",15397,0.0,0.0
Bia_Truc_Bach,"(876, 95), (1126, 426)",82750,0.0,0.0
Fanta,"(0, 631), (173, 720)",15397,0.0,0.0
Bia_Truc_Bach,"(876, 94), (1125, 426)",82668,0.0,0.0
Fanta,"(0, 631), (173, 720)",15397,0.0,0.0
Bia_Truc_Bach,"(874, 94), (1125, 426)",83332,0.0,0.0
Fanta,"(0, 631), (173, 720)",15397,0.0,0.0
Bia_Truc_Bach,"(874, 94), (1123, 428)",83166,0.0,0.0
Fanta,"(0, 631), (173, 720)",15397,0.0,0.0
Bia_Truc_Bach,"(870, 95), (1114, 429)",81496,0.0,0.0
Fanta,"(0, 631), (173, 720)",15397,0.0,0.0
Bia_Truc_Bach,"(866, 95), (1106, 431)",80640,0.0,0.0
Fanta,"(0, 630), (172, 720)",15480,0.0,0.0
Bia_Truc_Bach,"(859, 95), (1098, 435)",81260,0.0,0.0
Fanta,"(0, 631), (172, 720)",15308,0.0,0.0
Bia_Truc_Bach,"(847, 98), (1092, 438)",83300,0.0,0.0
Fanta,"(0, 631), (173, 720)",15397,0.0,0.0
Bia_Truc_Bach,"(838, 100), (1084, 439)",83394,0.0,0.0
Fanta,"(0, 631), (172, 720)",15308,0.0,0.0
Bia_Truc_Bach,"(829, 101), (1075, 441)",83640,0.0,0.0
Fanta,"(0, 631), (173, 720)",15397,0.0,0.0
Bia_Truc_Bach,"(819, 101), (1065, 442)",83886,0.0,0.0
Fanta,"(0, 631), (172, 720)",15308,0.0,0.0
Bia_Truc_Bach,"(808, 100), (1055, 440)",83980,0.0,0.0
Fanta,"(0, 631), (172, 720)",15308,0.0,0.0
Bia_Truc_Bach,"(802, 97), (1039, 438)",80817,0.0,0.0
Fanta,"(0, 631), (173, 720)",15397,0.0,0.0
Bia_Truc_Bach,"(793, 96), (1031, 435)",80682,0.0,0.0
Fanta,"(0, 631), (173, 720)",15397,0.0,0.0
Fanta,"(0, 631), (173, 720)",15397,0.0,0.0
Bia_Truc_Bach,"(781, 94), (1025, 429)",81740,80773.3515625,98.8174107689014
Bia_Truc_Bach,"(782, 94), (1023, 428)",80494,80773.3515625,100.34704644134966
Bia_Truc_Bach,"(774, 91), (1007, 427)",78288,0.0,0.0
Fanta,"(0, 630), (173, 720)",15570,0.0,0.0
Bia_Truc_Bach,"(762, 89), (997, 425)",78960,0.0,0.0
Fanta,"(0, 630), (173, 720)",15570,0.0,0.0
Bia_Truc_Bach,"(747, 86), (982, 424)",79430,0.0,0.0
Fanta,"(0, 629), (173, 720)",15743,0.0,0.0
Bia_Truc_Bach,"(738, 82), (970, 423)",79112,0.0,0.0
Fanta,"(0, 630), (173, 720)",15570,0.0,0.0
Bia_Truc_Bach,"(722, 80), (959, 421)",80817,0.0,0.0
Fanta,"(0, 630), (173, 720)",15570,0.0,0.0
Bia_Truc_Bach,"(710, 79), (941, 420)",78771,0.0,0.0
Fanta,"(0, 629), (173, 720)",15743,0.0,0.0
Bia_Truc_Bach,"(695, 77), (932, 420)",81291,0.0,0.0
Fanta,"(0, 629), (173, 720)",15743,0.0,0.0
Bia_Truc_Bach,"(681, 76), (917, 417)",80476,0.0,0.0
Fanta,"(0, 630), (173, 720)",15570,0.0,0.0
Bia_Truc_Bach,"(673, 75), (904, 417)",79002,0.0,0.0
Fanta,"(0, 630), (173, 720)",15570,0.0,0.0
Bia_Truc_Bach,"(658, 74), (893, 414)",79900,0.0,0.0
Fanta,"(0, 630), (173, 720)",15570,0.0,0.0
Bia_Truc_Bach,"(648, 71), (878, 411)",78200,0.0,0.0
Fanta,"(0, 630), (173, 720)",15570,0.0,0.0
Bia_Truc_Bach,"(634, 69), (867, 410)",79453,0.0,0.0
Fanta,"(0, 629), (173, 720)",15743,0.0,0.0
Bia_Truc_Bach,"(620, 68), (850, 412)",79120,0.0,0.0
Fanta,"(0, 629), (173, 720)",15743,0.0,0.0
Bia_Truc_Bach,"(611, 67), (837, 415)",78648,0.0,0.0
Fanta,"(0, 630), (173, 720)",15570,0.0,0.0
Bia_Truc_Bach,"(597, 65), (826, 415)",80150,0.0,0.0
Fanta,"(0, 629), (172, 720)",15652,0.0,0.0
Bia_Truc_Bach,"(585, 64), (809, 418)",79296,0.0,0.0
Fanta,"(0, 629), (173, 720)",15743,0.0,0.0
Bia_Truc_Bach,"(572, 63), (800, 418)",80940,0.0,0.0
Fanta,"(0, 629), (173, 720)",15743,0.0,0.0
Bia_Truc_Bach,"(555, 63), (780, 419)",80100,0.0,0.0
Fanta,"(0, 629), (173, 720)",15743,0.0,0.0
Bia_Truc_Bach,"(546, 62), (770, 421)",80416,0.0,0.0
Fanta,"(0, 629), (174, 720)",15834,0.0,0.0
Bia_Truc_Bach,"(531, 63), (757, 421)",80908,0.0,0.0
Fanta,"(0, 629), (174, 720)",15834,0.0,0.0
Bia_Truc_Bach,"(520, 61), (742, 422)",80142,0.0,0.0
Fanta,"(0, 629), (173, 720)",15743,0.0,0.0
Bia_Truc_Bach,"(506, 61), (729, 421)",80280,0.0,0.0
Fanta,"(0, 629), (174, 720)",15834,0.0,0.0
Bia_Truc_Bach,"(493, 60), (716, 422)",80726,0.0,0.0
Fanta,"(0, 629), (174, 720)",15834,0.0,0.0
Bia_Truc_Bach,"(483, 59), (707, 422)",81312,0.0,0.0
Fanta,"(0, 629), (173, 720)",15743,0.0,0.0
Bia_Truc_Bach,"(470, 59), (694, 420)",80864,0.0,0.0
Fanta,"(0, 629), (173, 720)",15743,0.0,0.0
Bia_Truc_Bach,"(461, 58), (679, 419)",78698,78541.6328125,99.80130729179902
Fanta,"(0, 629), (173, 720)",15743,0.0,0.0
Bia_Truc_Bach,"(460, 57), (679, 420)",79497,78541.6328125,98.79823491766984
Bia_Truc_Bach,"(448, 58), (666, 418)",78480,0.0,0.0
Fanta,"(0, 629), (174, 720)",15834,0.0,0.0
Bia_Truc_Bach,"(434, 57), (652, 417)",78480,0.0,0.0
Fanta,"(0, 629), (173, 720)",15743,0.0,0.0
Bia_Truc_Bach,"(425, 56), (643, 418)",78916,0.0,0.0
Fanta,"(0, 629), (174, 720)",15834,0.0,0.0
Bia_Truc_Bach,"(417, 57), (629, 418)",76532,0.0,0.0
Fanta,"(0, 629), (173, 720)",15743,0.0,0.0
Bia_Truc_Bach,"(404, 55), (621, 418)",78771,0.0,0.0
Fanta,"(0, 629), (174, 720)",15834,0.0,0.0
Bia_Truc_Bach,"(395, 55), (611, 418)",78408,0.0,0.0
Fanta,"(0, 629), (174, 720)",15834,0.0,0.0
Bia_Truc_Bach,"(385, 55), (598, 417)",77106,0.0,0.0
Fanta,"(0, 629), (174, 720)",15834,0.0,0.0
Bia_Truc_Bach,"(372, 53), (591, 419)",80154,0.0,0.0
Fanta,"(0, 629), (174, 720)",15834,0.0,0.0
Bia_Truc_Bach,"(364, 52), (582, 423)",80878,0.0,0.0
Fanta,"(0, 629), (174, 720)",15834,0.0,0.0
Bia_Truc_Bach,"(356, 53), (578, 424)",82362,0.0,0.0
Fanta,"(0, 628), (174, 720)",16008,0.0,0.0
Bia_Truc_Bach,"(350, 54), (566, 423)",79704,0.0,0.0
Fanta,"(0, 628), (173, 720)",15916,0.0,0.0
Bia_Truc_Bach,"(337, 55), (561, 425)",82880,0.0,0.0
Fanta,"(0, 628), (174, 720)",16008,0.0,0.0
Bia_Truc_Bach,"(330, 57), (550, 426)",81180,0.0,0.0
Fanta,"(0, 628), (174, 720)",16008,0.0,0.0
Bia_Truc_Bach,"(320, 57), (548, 427)",84360,0.0,0.0
Fanta,"(0, 628), (174, 720)",16008,0.0,0.0
Bia_Truc_Bach,"(309, 58), (532, 429)",82733,0.0,0.0
Fanta,"(0, 628), (174, 720)",16008,0.0,0.0
Bia_Truc_Bach,"(299, 59), (524, 430)",83475,0.0,0.0
Fanta,"(0, 628), (175, 720)",16100,0.0,0.0
Bia_Truc_Bach,"(291, 60), (517, 432)",84072,0.0,0.0
Fanta,"(0, 628), (175, 720)",16100,0.0,0.0
Bia_Truc_Bach,"(281, 62), (505, 434)",83328,0.0,0.0
Fanta,"(0, 628), (176, 720)",16192,0.0,0.0
Bia_Truc_Bach,"(269, 61), (494, 434)",83925,0.0,0.0
Fanta,"(0, 627), (176, 720)",16368,0.0,0.0
Bia_Truc_Bach,"(261, 62), (485, 436)",83776,0.0,0.0
Fanta,"(0, 627), (176, 720)",16368,0.0,0.0
Bia_Truc_Bach,"(251, 62), (470, 436)",81906,0.0,0.0
Fanta,"(0, 627), (176, 720)",16368,0.0,0.0
Bia_Truc_Bach,"(237, 62), (460, 436)",83402,0.0,0.0
Fanta,"(0, 628), (176, 720)",16192,0.0,0.0
Bia_Truc_Bach,"(228, 62), (451, 437)",83625,0.0,0.0
Fanta,"(0, 628), (176, 720)",16192,0.0,0.0
Bia_Truc_Bach,"(215, 66), (441, 439)",84298,0.0,0.0
Fanta,"(0, 628), (176, 720)",16192,0.0,0.0
Bia_Truc_Bach,"(205, 65), (427, 440)",83250,0.0,0.0
Fanta,"(0, 628), (177, 720)",16284,0.0,0.0
Bia_Truc_Bach,"(199, 65), (421, 442)",83694,0.0,0.0
Fanta,"(0, 628), (177, 720)",16284,0.0,0.0
Bia_Truc_Bach,"(193, 66), (409, 441)",81000,0.0,0.0
Fanta,"(0, 628), (177, 720)",16284,0.0,0.0
Bia_Truc_Bach,"(183, 68), (403, 440)",81840,0.0,0.0
Fanta,"(0, 628), (178, 720)",16376,0.0,0.0
Bia_Truc_Bach,"(176, 69), (396, 442)",82060,0.0,0.0
Fanta,"(0, 628), (178, 720)",16376,0.0,0.0
Bia_Truc_Bach,"(170, 69), (393, 446)",84071,0.0,0.0
Fanta,"(0, 628), (179, 720)",16468,0.0,0.0
Bia_Truc_Bach,"(166, 70), (389, 447)",84071,0.0,0.0
Fanta,"(0, 628), (179, 720)",16468,0.0,0.0
Bia_Truc_Bach,"(163, 70), (384, 448)",83538,0.0,0.0
Fanta,"(0, 627), (179, 720)",16647,0.0,0.0
Bia_Truc_Bach,"(160, 70), (382, 450)",84360,0.0,0.0
Fanta,"(0, 628), (178, 720)",16376,0.0,0.0
Bia_Truc_Bach,"(154, 71), (378, 450)",84896,0.0,0.0
Fanta,"(0, 628), (178, 720)",16376,0.0,0.0
Bia_Truc_Bach,"(148, 72), (374, 453)",86106,0.0,0.0
Fanta,"(0, 628), (178, 720)",16376,0.0,0.0
Bia_Truc_Bach,"(145, 74), (368, 453)",84517,0.0,0.0
Fanta,"(0, 628), (179, 720)",16468,0.0,0.0
Bia_Truc_Bach,"(142, 77), (368, 455)",85428,0.0,0.0
Fanta,"(0, 628), (178, 720)",16376,0.0,0.0
Bia_Truc_Bach,"(141, 83), (367, 456)",84298,0.0,0.0
Fanta,"(0, 628), (178, 720)",16376,0.0,0.0
Bia_Truc_Bach,"(141, 88), (367, 457)",83394,0.0,0.0
Fanta,"(0, 628), (177, 720)",16284,0.0,0.0
Bia_Truc_Bach,"(142, 92), (369, 459)",83309,0.0,0.0
Fanta,"(0, 628), (178, 720)",16376,0.0,0.0
Bia_Truc_Bach,"(143, 95), (369, 461)",82716,0.0,0.0
Fanta,"(0, 627), (179, 720)",16647,0.0,0.0
Bia_Truc_Bach,"(145, 97), (369, 464)",82208,0.0,0.0
Fanta,"(0, 627), (179, 720)",16647,0.0,0.0
Bia_Truc_Bach,"(148, 100), (370, 466)",81252,0.0,0.0
Fanta,"(0, 628), (179, 720)",16468,0.0,0.0
Bia_Truc_Bach,"(150, 104), (371, 470)",80886,0.0,0.0
Fanta,"(0, 628), (179, 720)",16468,0.0,0.0
Bia_Truc_Bach,"(155, 108), (371, 480)",80352,0.0,0.0
Fanta,"(0, 628), (180, 720)",16560,0.0,0.0
Bia_Truc_Bach,"(156, 113), (370, 485)",79608,0.0,0.0
Fanta,"(0, 627), (181, 720)",16833,0.0,0.0
Bia_Truc_Bach,"(157, 120), (373, 495)",81000,0.0,0.0
Fanta,"(0, 627), (181, 720)",16833,0.0,0.0
Bia_Truc_Bach,"(160, 130), (372, 499)",78228,0.0,0.0
Fanta,"(0, 628), (179, 720)",16468,0.0,0.0
Bia_Truc_Bach,"(161, 137), (371, 510)",78330,0.0,0.0
Fanta,"(0, 628), (179, 720)",16468,0.0,0.0
Bia_Truc_Bach,"(162, 143), (369, 518)",77625,0.0,0.0
Fanta,"(0, 629), (179, 720)",16289,0.0,0.0
Bia_Truc_Bach,"(162, 151), (368, 524)",76838,0.0,0.0
Fanta,"(0, 629), (179, 720)",16289,0.0,0.0
Bia_Truc_Bach,"(161, 158), (363, 539)",76962,0.0,0.0
Bia_Truc_Bach,"(160, 166), (368, 554)",80704,0.0,0.0
Bia_Truc_Bach,"(160, 171), (373, 562)",83283,0.0,0.0
Fanta,"(0, 630), (179, 720)",16110,0.0,0.0
Bia_Truc_Bach,"(160, 183), (373, 573)",83070,0.0,0.0
Fanta,"(0, 630), (178, 720)",16020,0.0,0.0
Bia_Truc_Bach,"(160, 192), (379, 579)",84753,0.0,0.0
Fanta,"(0, 630), (178, 720)",16020,0.0,0.0
Bia_Truc_Bach,"(162, 193), (390, 582)",88692,0.0,0.0
Bia_Truc_Bach,"(166, 194), (374, 582)",80704,0.0,0.0
Bia_Truc_Bach,"(173, 193), (386, 581)",82644,0.0,0.0
Bia_Truc_Bach,"(186, 191), (391, 580)",79745,0.0,0.0
Bia_Truc_Bach,"(194, 190), (362, 578)",65184,0.0,0.0
Fanta,"(0, 629), (177, 720)",16107,0.0,0.0
Bia_Truc_Bach,"(204, 185), (345, 575)",54990,0.0,0.0
Fanta,"(0, 629), (176, 720)",16016,0.0,0.0
Fanta,"(0, 630), (174, 720)",15660,0.0,0.0
Bia_Truc_Bach,"(214, 184), (403, 579)",74655,0.0,0.0
Fanta,"(0, 630), (174, 720)",15660,0.0,0.0
Bia_Truc_Bach,"(223, 179), (407, 514)",61640,0.0,0.0
Fanta,"(0, 630), (174, 720)",15660,0.0,0.0
Bia_Truc_Bach,"(229, 176), (407, 545)",65682,0.0,0.0
Fanta,"(0, 630), (174, 720)",15660,0.0,0.0
Fanta,"(0, 629), (174, 720)",15834,0.0,0.0
Fanta,"(0, 629), (174, 720)",15834,0.0,0.0
Heiniken,"(244, 170), (427, 556)",70638,0.0,0.0
Fanta,"(0, 630), (174, 720)",15660,0.0,0.0
Heiniken,"(255, 170), (428, 565)",68335,0.0,0.0
Fanta,"(0, 630), (175, 720)",15750,0.0,0.0
Heiniken,"(268, 173), (431, 531)",58354,0.0,0.0
Fanta,"(0, 629), (175, 720)",15925,0.0,0.0
Heiniken,"(269, 175), (438, 520)",58305,0.0,0.0
Fanta,"(0, 630), (175, 720)",15750,0.0,0.0
Fanta,"(0, 630), (175, 720)",15750,0.0,0.0
Bia_Truc_Bach,"(271, 189), (457, 408)",40734,0.0,0.0
Fanta,"(0, 629), (175, 720)",15925,0.0,0.0
Fanta,"(0, 629), (176, 720)",16016,0.0,0.0
Bia_Truc_Bach,"(265, 192), (465, 397)",41000,0.0,0.0
Fanta,"(0, 630), (175, 720)",15750,0.0,0.0
Bia_Truc_Bach,"(264, 203), (449, 396)",35705,0.0,0.0
Fanta,"(0, 630), (175, 720)",15750,0.0,0.0
Bia_Truc_Bach,"(257, 212), (463, 406)",39964,0.0,0.0
Bia_Truc_Bach,"(256, 216), (481, 424)",46800,0.0,0.0
Fanta,"(0, 628), (176, 720)",16192,0.0,0.0
Bia_Truc_Bach,"(258, 220), (532, 433)",58362,0.0,0.0
Fanta,"(0, 629), (176, 720)",16016,0.0,0.0
Bia_Truc_Bach,"(262, 231), (516, 537)",77724,0.0,0.0
Bia_Truc_Bach,"(261, 240), (488, 595)",80585,0.0,0.0
Bia_Truc_Bach,"(257, 253), (459, 596)",69286,0.0,0.0
Bia_Truc_Bach,"(242, 268), (453, 608)",71740,0.0,0.0
Fanta,"(0, 626), (177, 720)",16638,0.0,0.0
Bia_Truc_Bach,"(226, 283), (448, 619)",74592,0.0,0.0
Fanta,"(0, 626), (176, 720)",16544,0.0,0.0
Bia_Truc_Bach,"(203, 309), (423, 652)",75460,0.0,0.0
Bia_Truc_Bach,"(174, 326), (402, 699)",85044,0.0,0.0
Bia_Truc_Bach,"(151, 338), (411, 675)",87620,0.0,0.0
Bia_Truc_Bach,"(128, 349), (392, 662)",82632,0.0,0.0
Bia_Truc_Bach,"(102, 360), (388, 688)",93808,0.0,0.0
Bia_Truc_Bach,"(80, 371), (370, 669)",86420,0.0,0.0
Bia_Truc_Bach,"(61, 379), (361, 674)",88500,0.0,0.0
Bia_Truc_Bach,"(39, 378), (352, 681)",94839,0.0,0.0
Bia_Truc_Bach,"(31, 377), (350, 685)",98252,0.0,0.0
Bia_Truc_Bach,"(29, 376), (360, 685)",102279,0.0,0.0
Bia_Truc_Bach,"(27, 372), (343, 674)",95432,0.0,0.0
Bia_Truc_Bach,"(27, 366), (337, 661)",91450,0.0,0.0
Bia_Truc_Bach,"(30, 363), (325, 649)",84370,0.0,0.0
Bia_Truc_Bach,"(33, 358), (332, 648)",86710,0.0,0.0
Bia_Truc_Bach,"(34, 352), (338, 636)",86336,0.0,0.0
Bia_Truc_Bach,"(37, 353), (333, 630)",81992,0.0,0.0
Bia_Truc_Bach,"(44, 357), (334, 620)",76270,0.0,0.0
Bia_Truc_Bach,"(45, 357), (336, 616)",75369,0.0,0.0
Bia_Truc_Bach,"(49, 353), (337, 617)",76032,0.0,0.0
Bia_Truc_Bach,"(56, 350), (337, 617)",75027,0.0,0.0
Bia_Truc_Bach,"(59, 349), (339, 618)",75320,0.0,0.0
Bia_Truc_Bach,"(59, 349), (340, 618)",75589,0.0,0.0
Bia_Truc_Bach,"(56, 351), (341, 620)",76665,0.0,0.0
Bia_Truc_Bach,"(51, 353), (343, 626)",79716,0.0,0.0
Bia_Truc_Bach,"(48, 355), (344, 632)",81992,0.0,0.0
Bia_Truc_Bach,"(46, 358), (342, 634)",81696,0.0,0.0
Bia_Truc_Bach,"(48, 361), (346, 636)",81950,0.0,0.0
Bia_Truc_Bach,"(51, 364), (353, 640)",83352,0.0,0.0
Bia_Truc_Bach,"(53, 365), (356, 642)",83931,0.0,0.0
Bia_Truc_Bach,"(57, 364), (359, 645)",84862,83808.796875,98.75892257429709
Bia_Truc_Bach,"(58, 366), (358, 644)",83400,83808.796875,100.49016411870504
Bia_Truc_Bach,"(62, 364), (362, 645)",84300,83214.7890625,98.71267978944248
Bia_Truc_Bach,"(62, 366), (362, 644)",83400,83214.7890625,99.7779245353717
Bia_Truc_Bach,"(66, 363), (362, 642)",82584,0.0,0.0
Bia_Truc_Bach,"(70, 362), (368, 641)",83142,0.0,0.0
Bia_Truc_Bach,"(76, 361), (373, 641)",83160,0.0,0.0
Bia_Truc_Bach,"(86, 363), (373, 636)",78351,0.0,0.0
Bia_Truc_Bach,"(93, 360), (386, 637)",81161,0.0,0.0
Bia_Truc_Bach,"(97, 361), (388, 637)",80316,0.0,0.0
Bia_Truc_Bach,"(103, 362), (393, 636)",79460,0.0,0.0
Bia_Truc_Bach,"(115, 364), (396, 634)",75870,0.0,0.0
Bia_Truc_Bach,"(127, 369), (400, 635)",72618,72836.1640625,100.30042697747115
Bia_Truc_Bach,"(127, 368), (401, 637)",73706,72836.1640625,98.81985735557485
Bia_Truc_Bach,"(132, 373), (418, 638)",75790,0.0,0.0
Bia_Truc_Bach,"(139, 374), (424, 637)",74955,0.0,0.0
Bia_Truc_Bach,"(152, 375), (435, 637)",74146,0.0,0.0
Bia_Truc_Bach,"(159, 375), (447, 637)",75456,0.0,0.0
Bia_Truc_Bach,"(163, 375), (462, 637)",78338,0.0,0.0
Bia_Truc_Bach,"(174, 375), (471, 638)",78111,0.0,0.0
Bia_Truc_Bach,"(187, 375), (488, 643)",80668,0.0,0.0
Bia_Truc_Bach,"(197, 370), (500, 644)",83022,0.0,0.0
Bia_Truc_Bach,"(212, 370), (514, 648)",83956,0.0,0.0
Bia_Truc_Bach,"(222, 371), (524, 645)",82748,0.0,0.0
Bia_Truc_Bach,"(237, 372), (537, 647)",82500,0.0,0.0
Bia_Truc_Bach,"(251, 372), (558, 648)",84732,0.0,0.0
Bia_Truc_Bach,"(266, 364), (583, 649)",90345,0.0,0.0
Bia_Truc_Bach,"(284, 363), (599, 652)",91035,0.0,0.0
Fanta,"(0, 627), (176, 720)",16368,0.0,0.0
Bia_Truc_Bach,"(302, 362), (613, 649)",89257,0.0,0.0
Fanta,"(0, 626), (176, 720)",16544,0.0,0.0
Bia_Truc_Bach,"(322, 358), (632, 643)",88350,87574.34375,99.12206423316356
Fanta,"(0, 627), (175, 720)",16275,0.0,0.0
Bia_Truc_Bach,"(321, 359), (633, 641)",87984,87574.34375,99.53439687897799
Bia_Truc_Bach,"(341, 356), (656, 642)",90090,0.0,0.0
Fanta,"(0, 627), (175, 720)",16275,0.0,0.0
Bia_Truc_Bach,"(362, 356), (687, 643)",93275,0.0,0.0
Fanta,"(0, 627), (174, 720)",16182,0.0,0.0
Bia_Truc_Bach,"(383, 357), (704, 640)",90843,0.0,0.0
Fanta,"(0, 627), (174, 720)",16182,0.0,0.0
Bia_Truc_Bach,"(399, 355), (747, 686)",115188,0.0,0.0
Fanta,"(0, 627), (174, 720)",16182,0.0,0.0
Bia_Truc_Bach,"(429, 354), (751, 655)",96922,0.0,0.0
Fanta,"(0, 628), (173, 720)",15916,0.0,0.0
Bia_Truc_Bach,"(449, 349), (781, 692)",113876,0.0,0.0
Fanta,"(0, 628), (174, 720)",16008,0.0,0.0
Bia_Truc_Bach,"(457, 347), (803, 640)",101378,0.0,0.0
Fanta,"(0, 628), (173, 720)",15916,0.0,0.0
Bia_Truc_Bach,"(456, 341), (815, 649)",110572,0.0,0.0
Fanta,"(0, 628), (173, 720)",15916,0.0,0.0
Bia_Truc_Bach,"(511, 338), (836, 652)",102050,0.0,0.0
Fanta,"(0, 628), (174, 720)",16008,0.0,0.0
Bia_Truc_Bach,"(542, 330), (861, 641)",99209,0.0,0.0
Fanta,"(0, 629), (173, 720)",15743,0.0,0.0
Bia_Truc_Bach,"(569, 329), (880, 635)",95166,0.0,0.0
Fanta,"(0, 629), (173, 720)",15743,0.0,0.0
Bia_Truc_Bach,"(594, 326), (913, 640)",100166,0.0,0.0
Fanta,"(0, 629), (173, 720)",15743,0.0,0.0
Bia_Truc_Bach,"(610, 317), (923, 643)",102038,0.0,0.0
Fanta,"(0, 629), (173, 720)",15743,0.0,0.0
Bia_Truc_Bach,"(636, 316), (942, 648)",101592,0.0,0.0
Fanta,"(0, 629), (172, 720)",15652,0.0,0.0
Bia_Truc_Bach,"(655, 309), (977, 679)",119140,0.0,0.0
Fanta,"(0, 629), (172, 720)",15652,0.0,0.0
Bia_Truc_Bach,"(666, 313), (990, 709)",128304,0.0,0.0
Fanta,"(0, 629), (172, 720)",15652,0.0,0.0
Bia_Truc_Bach,"(690, 309), (976, 631)",92092,0.0,0.0
Fanta,"(0, 629), (172, 720)",15652,0.0,0.0
Bia_Truc_Bach,"(704, 302), (983, 650)",97092,0.0,0.0
Fanta,"(0, 629), (172, 720)",15652,0.0,0.0
Bia_Truc_Bach,"(713, 298), (1039, 699)",130726,0.0,0.0
Fanta,"(0, 629), (172, 720)",15652,0.0,0.0
Bia_Truc_Bach,"(732, 298), (1036, 669)",112784,0.0,0.0
Fanta,"(0, 630), (172, 720)",15480,0.0,0.0
Bia_Truc_Bach,"(743, 304), (1032, 629)",93925,0.0,0.0
Fanta,"(0, 630), (172, 720)",15480,0.0,0.0
Bia_Truc_Bach,"(751, 302), (1042, 645)",99813,0.0,0.0
Fanta,"(0, 630), (172, 720)",15480,0.0,0.0
Bia_Truc_Bach,"(764, 297), (1045, 616)",89639,0.0,0.0
Fanta,"(0, 630), (172, 720)",15480,0.0,0.0
Bia_Truc_Bach,"(772, 295), (1046, 637)",93708,0.0,0.0
Fanta,"(0, 630), (172, 720)",15480,0.0,0.0
Bia_Truc_Bach,"(775, 297), (1043, 622)",87100,0.0,0.0
Fanta,"(0, 630), (172, 720)",15480,0.0,0.0
Bia_Truc_Bach,"(780, 292), (1075, 624)",97940,0.0,0.0
Fanta,"(0, 630), (172, 720)",15480,0.0,0.0
Bia_Truc_Bach,"(786, 290), (1081, 603)",92335,0.0,0.0
Fanta,"(0, 630), (171, 720)",15390,0.0,0.0
Bia_Truc_Bach,"(789, 288), (1089, 605)",95100,0.0,0.0
Fanta,"(0, 631), (171, 720)",15219,0.0,0.0
Bia_Truc_Bach,"(789, 283), (1073, 611)",93152,0.0,0.0
Fanta,"(0, 631), (172, 720)",15308,0.0,0.0
Bia_Truc_Bach,"(790, 281), (1056, 570)",76874,0.0,0.0
Fanta,"(0, 631), (172, 720)",15308,0.0,0.0
Bia_Truc_Bach,"(788, 276), (1033, 572)",72520,0.0,0.0
Fanta,"(0, 631), (172, 720)",15308,0.0,0.0
Bia_Truc_Bach,"(790, 264), (1032, 583)",77198,0.0,0.0
Fanta,"(0, 632), (172, 720)",15136,0.0,0.0
Bia_Truc_Bach,"(794, 257), (1032, 551)",69972,0.0,0.0
Fanta,"(0, 632), (172, 720)",15136,0.0,0.0
Bia_Truc_Bach,"(796, 244), (1030, 526)",65988,0.0,0.0
Fanta,"(0, 631), (172, 720)",15308,0.0,0.0
Bia_Truc_Bach,"(801, 224), (1027, 518)",66444,0.0,0.0
Fanta,"(0, 631), (173, 720)",15397,0.0,0.0
Bia_Truc_Bach,"(804, 216), (1030, 520)",68704,0.0,0.0
Fanta,"(0, 631), (173, 720)",15397,0.0,0.0
Bia_Truc_Bach,"(806, 208), (1035, 506)",68242,0.0,0.0
Fanta,"(0, 632), (173, 720)",15224,0.0,0.0
Bia_Truc_Bach,"(811, 193), (1034, 468)",61325,0.0,0.0
Fanta,"(0, 632), (172, 720)",15136,0.0,0.0
Bia_Truc_Bach,"(819, 186), (1038, 463)",60663,0.0,0.0
Fanta,"(0, 632), (172, 720)",15136,0.0,0.0
Bia_Truc_Bach,"(824, 175), (1051, 438)",59701,0.0,0.0
Fanta,"(0, 632), (173, 720)",15224,0.0,0.0
Bia_Truc_Bach,"(826, 160), (1057, 440)",64680,0.0,0.0
Fanta,"(0, 632), (172, 720)",15136,0.0,0.0
Bia_Truc_Bach,"(835, 144), (1061, 439)",66670,0.0,0.0
Fanta,"(0, 632), (172, 720)",15136,0.0,0.0
Bia_Truc_Bach,"(838, 137), (1079, 422)",68685,0.0,0.0
Fanta,"(0, 632), (172, 720)",15136,0.0,0.0
Bia_Truc_Bach,"(844, 126), (1082, 407)",66878,0.0,0.0
Fanta,"(0, 632), (173, 720)",15224,0.0,0.0
Bia_Truc_Bach,"(851, 116), (1070, 430)",68766,0.0,0.0
Fanta,"(0, 632), (172, 720)",15136,0.0,0.0
Bia_Truc_Bach,"(852, 109), (1069, 480)",80507,0.0,0.0
Fanta,"(0, 632), (172, 720)",15136,0.0,0.0
Bia_Truc_Bach,"(852, 105), (1064, 456)",74412,0.0,0.0
Fanta,"(0, 632), (173, 720)",15224,0.0,0.0
Bia_Truc_Bach,"(850, 100), (1048, 456)",70488,0.0,0.0
Fanta,"(0, 632), (172, 720)",15136,0.0,0.0
Bia_Truc_Bach,"(844, 97), (1033, 437)",64260,0.0,0.0
Fanta,"(0, 631), (172, 720)",15308,0.0,0.0
Fanta,"(0, 631), (173, 720)",15397,0.0,0.0
Bia_Truc_Bach,"(841, 98), (1026, 407)",57165,57060.4453125,99.8171001705589
Bia_Truc_Bach,"(840, 97), (1026, 405)",57288,57060.4453125,99.60278821480938
Fanta,"(0, 632), (172, 720)",15136,0.0,0.0
Bia_Truc_Bach,"(840, 95), (1026, 400)",56730,0.0,0.0
Bia_Truc_Bach,"(837, 95), (1025, 399)",57152,0.0,0.0
Fanta,"(0, 632), (173, 720)",15224,0.0,0.0
Bia_Truc_Bach,"(834, 97), (1024, 396)",56810,0.0,0.0
Fanta,"(0, 632), (173, 720)",15224,0.0,0.0
Bia_Truc_Bach,"(828, 97), (1024, 399)",59192,0.0,0.0
Fanta,"(0, 631), (172, 720)",15308,0.0,0.0
Bia_Truc_Bach,"(821, 102), (1019, 396)",58212,0.0,0.0
Fanta,"(0, 632), (172, 720)",15136,0.0,0.0
Bia_Truc_Bach,"(817, 105), (1017, 395)",58000,0.0,0.0
Fanta,"(0, 632), (172, 720)",15136,0.0,0.0
Bia_Truc_Bach,"(813, 102), (1015, 396)",59388,0.0,0.0
Fanta,"(0, 631), (173, 720)",15397,0.0,0.0
Bia_Truc_Bach,"(809, 107), (1010, 395)",57888,0.0,0.0
Fanta,"(0, 632), (173, 720)",15224,0.0,0.0
Bia_Truc_Bach,"(806, 109), (1010, 395)",58344,0.0,0.0
Fanta,"(0, 632), (173, 720)",15224,0.0,0.0
Bia_Truc_Bach,"(803, 112), (1012, 395)",59147,0.0,0.0
Fanta,"(0, 632), (173, 720)",15224,0.0,0.0
Bia_Truc_Bach,"(796, 114), (1002, 394)",57680,0.0,0.0
Fanta,"(0, 632), (173, 720)",15224,0.0,0.0
Bia_Truc_Bach,"(791, 119), (1005, 394)",58850,0.0,0.0
Fanta,"(0, 633), (173, 720)",15051,0.0,0.0
Bia_Truc_Bach,"(787, 122), (1007, 395)",60060,0.0,0.0
Fanta,"(0, 632), (173, 720)",15224,0.0,0.0
Bia_Truc_Bach,"(783, 124), (1001, 395)",59078,0.0,0.0
Fanta,"(0, 633), (173, 720)",15051,0.0,0.0
Bia_Truc_Bach,"(781, 126), (998, 394)",58156,0.0,0.0
Fanta,"(0, 633), (173, 720)",15051,0.0,0.0
Bia_Truc_Bach,"(781, 127), (999, 391)",57552,0.0,0.0
Fanta,"(0, 633), (173, 720)",15051,0.0,0.0
Bia_Truc_Bach,"(782, 127), (999, 388)",56637,0.0,0.0
Fanta,"(0, 633), (173, 720)",15051,0.0,0.0
Bia_Truc_Bach,"(780, 125), (1004, 380)",57120,0.0,0.0
Fanta,"(0, 632), (172, 720)",15136,0.0,0.0
Bia_Truc_Bach,"(781, 124), (1008, 378)",57658,0.0,0.0
Fanta,"(0, 632), (172, 720)",15136,0.0,0.0
Bia_Truc_Bach,"(781, 122), (1009, 373)",57228,0.0,0.0
Fanta,"(0, 632), (172, 720)",15136,0.0,0.0
Bia_Truc_Bach,"(783, 118), (1013, 371)",58190,0.0,0.0
Fanta,"(0, 632), (171, 720)",15048,0.0,0.0
Bia_Truc_Bach,"(788, 114), (1016, 365)",57228,0.0,0.0
Fanta,"(0, 632), (172, 720)",15136,0.0,0.0
Bia_Truc_Bach,"(791, 110), (1023, 359)",57768,0.0,0.0
Fanta,"(0, 632), (172, 720)",15136,0.0,0.0
Bia_Truc_Bach,"(802, 107), (1026, 359)",56448,0.0,0.0
Fanta,"(0, 633), (173, 720)",15051,0.0,0.0
Bia_Truc_Bach,"(807, 105), (1033, 358)",57178,0.0,0.0
Fanta,"(0, 632), (173, 720)",15224,0.0,0.0
Bia_Truc_Bach,"(811, 102), (1036, 355)",56925,0.0,0.0
Fanta,"(0, 632), (173, 720)",15224,0.0,0.0
Bia_Truc_Bach,"(821, 100), (1041, 356)",56320,0.0,0.0
Fanta,"(0, 632), (173, 720)",15224,0.0,0.0
Bia_Truc_Bach,"(834, 99), (1049, 357)",55470,0.0,0.0
Fanta,"(0, 631), (173, 720)",15397,0.0,0.0
Bia_Truc_Bach,"(842, 97), (1059, 359)",56854,0.0,0.0
Fanta,"(0, 632), (173, 720)",15224,0.0,0.0
Bia_Truc_Bach,"(852, 97), (1069, 358)",56637,0.0,0.0
Fanta,"(0, 631), (172, 720)",15308,0.0,0.0
Bia_Truc_Bach,"(861, 97), (1081, 360)",57860,0.0,0.0
Fanta,"(0, 632), (172, 720)",15136,0.0,0.0
Bia_Truc_Bach,"(869, 95), (1089, 357)",57640,0.0,0.0
Fanta,"(0, 632), (173, 720)",15224,0.0,0.0
Bia_Truc_Bach,"(876, 94), (1093, 359)",57505,0.0,0.0
Fanta,"(0, 631), (173, 720)",15397,0.0,0.0
Bia_Truc_Bach,"(886, 92), (1099, 360)",57084,0.0,0.0
Fanta,"(0, 631), (173, 720)",15397,0.0,0.0
Bia_Truc_Bach,"(892, 89), (1101, 361)",56848,0.0,0.0
Fanta,"(0, 631), (173, 720)",15397,0.0,0.0
Fanta,"(0, 631), (172, 720)",15308,0.0,0.0
Bia_Truc_Bach,"(901, 89), (1105, 360)",55284,0.0,0.0
Bia_Truc_Bach,"(903, 89), (1113, 359)",56700,0.0,0.0
Fanta,"(0, 632), (173, 720)",15224,0.0,0.0
Bia_Truc_Bach,"(906, 88), (1114, 360)",56576,0.0,0.0
Fanta,"(0, 632), (172, 720)",15136,0.0,0.0
Bia_Truc_Bach,"(907, 88), (1118, 360)",57392,0.0,0.0
Fanta,"(0, 632), (172, 720)",15136,0.0,0.0
Bia_Truc_Bach,"(909, 89), (1119, 360)",56910,0.0,0.0
Fanta,"(0, 632), (172, 720)",15136,0.0,0.0
Bia_Truc_Bach,"(912, 90), (1119, 359)",55683,0.0,0.0
Fanta,"(0, 633), (171, 720)",14877,0.0,0.0
Bia_Truc_Bach,"(912, 90), (1121, 359)",56221,0.0,0.0
Fanta,"(0, 632), (171, 720)",15048,0.0,0.0
Bia_Truc_Bach,"(913, 91), (1122, 359)",56012,0.0,0.0
Fanta,"(0, 632), (171, 720)",15048,0.0,0.0
Bia_Truc_Bach,"(911, 90), (1120, 361)",56639,0.0,0.0
Fanta,"(0, 631), (172, 720)",15308,0.0,0.0
Bia_Truc_Bach,"(909, 90), (1119, 361)",56910,0.0,0.0
Fanta,"(0, 631), (172, 720)",15308,0.0,0.0
Bia_Truc_Bach,"(908, 90), (1116, 361)",56368,0.0,0.0
Fanta,"(0, 632), (172, 720)",15136,0.0,0.0
Bia_Truc_Bach,"(903, 90), (1109, 363)",56238,0.0,0.0
Fanta,"(0, 632), (171, 720)",15048,0.0,0.0
Bia_Truc_Bach,"(896, 90), (1102, 362)",56032,0.0,0.0
Fanta,"(0, 632), (172, 720)",15136,0.0,0.0
Bia_Truc_Bach,"(883, 91), (1097, 362)",57994,0.0,0.0
Fanta,"(0, 632), (172, 720)",15136,0.0,0.0
Bia_Truc_Bach,"(874, 94), (1088, 360)",56924,0.0,0.0
Fanta,"(0, 632), (172, 720)",15136,0.0,0.0
Bia_Truc_Bach,"(864, 91), (1078, 362)",57994,0.0,0.0
Fanta,"(0, 632), (172, 720)",15136,0.0,0.0
Bia_Truc_Bach,"(849, 91), (1068, 360)",58911,0.0,0.0
Fanta,"(0, 631), (171, 720)",15219,0.0,0.0
Bia_Truc_Bach,"(833, 91), (1054, 355)",58344,0.0,0.0
Fanta,"(0, 632), (171, 720)",15048,0.0,0.0
Bia_Truc_Bach,"(811, 91), (1040, 354)",60227,0.0,0.0
Fanta,"(0, 632), (172, 720)",15136,0.0,0.0
Bia_Truc_Bach,"(799, 87), (1025, 349)",59212,0.0,0.0
Fanta,"(0, 632), (172, 720)",15136,0.0,0.0
Bia_Truc_Bach,"(781, 85), (1009, 341)",58368,0.0,0.0
Fanta,"(0, 633), (172, 720)",14964,0.0,0.0
Bia_Truc_Bach,"(758, 83), (993, 340)",60395,0.0,0.0
Fanta,"(0, 632), (172, 720)",15136,0.0,0.0
Bia_Truc_Bach,"(739, 79), (974, 339)",61100,0.0,0.0
Fanta,"(0, 633), (172, 720)",14964,0.0,0.0
Bia_Truc_Bach,"(718, 77), (959, 336)",62419,0.0,0.0
Fanta,"(0, 632), (171, 720)",15048,0.0,0.0
Bia_Truc_Bach,"(696, 72), (939, 330)",62694,0.0,0.0
Fanta,"(0, 632), (171, 720)",15048,0.0,0.0
Bia_Truc_Bach,"(674, 70), (917, 332)",63666,0.0,0.0
Fanta,"(0, 632), (172, 720)",15136,0.0,0.0
Bia_Truc_Bach,"(649, 64), (900, 331)",67017,0.0,0.0
Fanta,"(0, 632), (172, 720)",15136,0.0,0.0
Bia_Truc_Bach,"(626, 61), (878, 332)",68292,0.0,0.0
Fanta,"(0, 632), (172, 720)",15136,0.0,0.0
Bia_Truc_Bach,"(606, 59), (858, 335)",69552,0.0,0.0
Fanta,"(0, 632), (172, 720)",15136,0.0,0.0
Bia_Truc_Bach,"(582, 59), (841, 313)",65786,0.0,0.0
Fanta,"(0, 632), (172, 720)",15136,0.0,0.0
Bia_Truc_Bach,"(565, 56), (827, 310)",66548,0.0,0.0
Fanta,"(0, 633), (172, 720)",14964,0.0,0.0
Bia_Truc_Bach,"(547, 53), (811, 307)",67056,0.0,0.0
Fanta,"(0, 632), (173, 720)",15224,0.0,0.0
Bia_Truc_Bach,"(531, 49), (794, 302)",66539,0.0,0.0
Fanta,"(0, 631), (173, 720)",15397,0.0,0.0
Bia_Truc_Bach,"(515, 51), (785, 299)",66960,0.0,0.0
Fanta,"(0, 632), (172, 720)",15136,0.0,0.0
Bia_Truc_Bach,"(507, 47), (776, 294)",66443,0.0,0.0
Fanta,"(0, 632), (172, 720)",15136,0.0,0.0
Bia_Truc_Bach,"(497, 46), (767, 297)",67770,0.0,0.0
Fanta,"(0, 632), (172, 720)",15136,0.0,0.0
Bia_Truc_Bach,"(483, 45), (758, 293)",68200,0.0,0.0
Fanta,"(0, 632), (172, 720)",15136,0.0,0.0
Bia_Truc_Bach,"(476, 52), (749, 293)",65793,0.0,0.0
Fanta,"(0, 632), (172, 720)",15136,0.0,0.0
Bia_Truc_Bach,"(463, 53), (739, 292)",65964,0.0,0.0
Fanta,"(0, 632), (172, 720)",15136,0.0,0.0
Bia_Truc_Bach,"(453, 57), (727, 291)",64116,0.0,0.0
Fanta,"(0, 633), (173, 720)",15051,0.0,0.0
Bia_Truc_Bach,"(445, 63), (722, 293)",63710,0.0,0.0
Fanta,"(0, 632), (172, 720)",15136,0.0,0.0
Bia_Truc_Bach,"(436, 72), (714, 295)",61994,0.0,0.0
Fanta,"(0, 633), (172, 720)",14964,0.0,0.0
Bia_Truc_Bach,"(421, 83), (703, 300)",61194,0.0,0.0
Fanta,"(0, 633), (172, 720)",14964,0.0,0.0
Bia_Truc_Bach,"(415, 96), (695, 308)",59360,0.0,0.0
Fanta,"(0, 633), (172, 720)",14964,0.0,0.0
Bia_Truc_Bach,"(404, 112), (685, 312)",56200,0.0,0.0
Fanta,"(0, 632), (172, 720)",15136,0.0,0.0
Bia_Truc_Bach,"(394, 128), (676, 318)",53580,0.0,0.0
Fanta,"(0, 632), (172, 720)",15136,0.0,0.0
Bia_Truc_Bach,"(387, 145), (665, 329)",51152,0.0,0.0
Fanta,"(0, 632), (172, 720)",15136,0.0,0.0
Bia_Truc_Bach,"(379, 157), (660, 335)",50018,0.0,0.0
Fanta,"(0, 633), (172, 720)",14964,0.0,0.0
Bia_Truc_Bach,"(372, 168), (655, 349)",51223,0.0,0.0
Fanta,"(0, 632), (172, 720)",15136,0.0,0.0
Bia_Truc_Bach,"(364, 180), (651, 360)",51660,0.0,0.0
Fanta,"(0, 633), (172, 720)",14964,0.0,0.0
Bia_Truc_Bach,"(359, 192), (643, 368)",49984,0.0,0.0
Fanta,"(0, 633), (172, 720)",14964,0.0,0.0
Bia_Truc_Bach,"(355, 205), (635, 379)",48720,0.0,0.0
Fanta,"(0, 633), (173, 720)",15051,0.0,0.0
Bia_Truc_Bach,"(350, 218), (635, 391)",49305,0.0,0.0
Fanta,"(0, 633), (174, 720)",15138,0.0,0.0
Bia_Truc_Bach,"(345, 236), (625, 400)",45920,0.0,0.0
Fanta,"(0, 633), (173, 720)",15051,0.0,0.0
Bia_Truc_Bach,"(338, 251), (619, 408)",44117,0.0,0.0
Fanta,"(0, 632), (173, 720)",15224,0.0,0.0
Bia_Truc_Bach,"(331, 264), (615, 420)",44304,0.0,0.0
Fanta,"(0, 632), (173, 720)",15224,0.0,0.0
Bia_Truc_Bach,"(327, 276), (610, 429)",43299,0.0,0.0
Fanta,"(0, 632), (174, 720)",15312,0.0,0.0
Bia_Truc_Bach,"(325, 288), (607, 441)",43146,0.0,0.0
Fanta,"(0, 631), (174, 720)",15486,0.0,0.0
Bia_Truc_Bach,"(321, 305), (603, 449)",40608,0.0,0.0
Fanta,"(0, 631), (175, 720)",15575,0.0,0.0
Bia_Truc_Bach,"(319, 315), (600, 462)",41307,0.0,0.0
Fanta,"(0, 631), (175, 720)",15575,0.0,0.0
Bia_Truc_Bach,"(316, 334), (600, 469)",38340,0.0,0.0
Fanta,"(0, 631), (174, 720)",15486,0.0,0.0
Bia_Truc_Bach,"(317, 343), (599, 478)",38070,0.0,0.0
Fanta,"(0, 630), (176, 720)",15840,0.0,0.0
Bia_Truc_Bach,"(318, 348), (600, 484)",38352,0.0,0.0
Fanta,"(0, 631), (176, 720)",15664,0.0,0.0
Bia_Truc_Bach,"(318, 357), (601, 490)",37639,0.0,0.0
Fanta,"(0, 631), (175, 720)",15575,0.0,0.0
Bia_Truc_Bach,"(317, 364), (600, 498)",37922,0.0,0.0
Fanta,"(0, 630), (176, 720)",15840,0.0,0.0
Bia_Truc_Bach,"(318, 371), (600, 504)",37506,0.0,0.0
Fanta,"(0, 630), (176, 720)",15840,0.0,0.0
Bia_Truc_Bach,"(318, 374), (601, 506)",37356,0.0,0.0
Fanta,"(0, 631), (176, 720)",15664,0.0,0.0
Bia_Truc_Bach,"(317, 377), (602, 509)",37620,0.0,0.0
Fanta,"(0, 630), (176, 720)",15840,0.0,0.0
Bia_Truc_Bach,"(320, 378), (603, 509)",37073,0.0,0.0
Fanta,"(0, 630), (177, 720)",15930,0.0,0.0
Bia_Truc_Bach,"(322, 378), (607, 510)",37620,0.0,0.0
Fanta,"(0, 630), (177, 720)",15930,0.0,0.0
Bia_Truc_Bach,"(324, 378), (609, 509)",37335,0.0,0.0
Fanta,"(0, 631), (176, 720)",15664,0.0,0.0
Bia_Truc_Bach,"(327, 375), (614, 509)",38458,0.0,0.0
Fanta,"(0, 630), (177, 720)",15930,0.0,0.0
Bia_Truc_Bach,"(341, 370), (621, 508)",38640,0.0,0.0
Fanta,"(0, 630), (176, 720)",15840,0.0,0.0
Bia_Truc_Bach,"(350, 360), (632, 510)",42300,0.0,0.0
Fanta,"(0, 630), (175, 720)",15750,0.0,0.0
Bia_Truc_Bach,"(359, 354), (646, 510)",44772,0.0,0.0
Fanta,"(0, 630), (174, 720)",15660,0.0,0.0
Bia_Truc_Bach,"(372, 349), (655, 508)",44997,0.0,0.0
Fanta,"(0, 630), (175, 720)",15750,0.0,0.0
Bia_Truc_Bach,"(383, 341), (672, 509)",48552,0.0,0.0
Fanta,"(0, 630), (175, 720)",15750,0.0,0.0
Bia_Truc_Bach,"(399, 334), (704, 524)",57950,0.0,0.0
Fanta,"(0, 630), (174, 720)",15660,0.0,0.0
Bia_Truc_Bach,"(415, 334), (717, 520)",56172,0.0,0.0
Fanta,"(0, 631), (174, 720)",15486,0.0,0.0
Bia_Truc_Bach,"(445, 327), (725, 523)",54880,0.0,0.0
Fanta,"(0, 631), (173, 720)",15397,0.0,0.0
Bia_Truc_Bach,"(457, 314), (754, 530)",64152,0.0,0.0
Fanta,"(0, 631), (173, 720)",15397,0.0,0.0
Bia_Truc_Bach,"(482, 311), (785, 554)",73629,0.0,0.0
Fanta,"(0, 630), (173, 720)",15570,0.0,0.0
Bia_Truc_Bach,"(503, 308), (803, 553)",73500,0.0,0.0
Fanta,"(0, 630), (174, 720)",15660,0.0,0.0
Bia_Truc_Bach,"(525, 297), (823, 555)",76884,0.0,0.0
Fanta,"(0, 630), (173, 720)",15570,0.0,0.0
Bia_Truc_Bach,"(549, 295), (848, 554)",77441,0.0,0.0
Fanta,"(0, 630), (173, 720)",15570,0.0,0.0
Bia_Truc_Bach,"(572, 292), (869, 553)",77517,0.0,0.0
Fanta,"(0, 630), (173, 720)",15570,0.0,0.0
Bia_Truc_Bach,"(594, 289), (897, 558)",81507,0.0,0.0
Fanta,"(0, 630), (173, 720)",15570,0.0,0.0
Bia_Truc_Bach,"(615, 288), (918, 558)",81810,0.0,0.0
Fanta,"(0, 630), (173, 720)",15570,0.0,0.0
Bia_Truc_Bach,"(655, 288), (934, 558)",75330,0.0,0.0
Fanta,"(0, 630), (174, 720)",15660,0.0,0.0
Bia_Truc_Bach,"(667, 284), (950, 560)",78108,0.0,0.0
Fanta,"(0, 631), (173, 720)",15397,0.0,0.0
Bia_Truc_Bach,"(698, 282), (965, 558)",73692,0.0,0.0
Fanta,"(0, 631), (173, 720)",15397,0.0,0.0
Bia_Truc_Bach,"(720, 282), (976, 557)",70400,0.0,0.0
Fanta,"(0, 632), (172, 720)",15136,0.0,0.0
Bia_Truc_Bach,"(737, 279), (996, 558)",72261,0.0,0.0
Fanta,"(0, 633), (172, 720)",14964,0.0,0.0
Bia_Truc_Bach,"(757, 272), (1006, 556)",70716,0.0,0.0
Fanta,"(0, 632), (171, 720)",15048,0.0,0.0
Bia_Truc_Bach,"(773, 270), (1018, 553)",69335,0.0,0.0
Fanta,"(0, 632), (172, 720)",15136,0.0,0.0
Bia_Truc_Bach,"(788, 267), (1027, 550)",67637,0.0,0.0
Fanta,"(0, 632), (172, 720)",15136,0.0,0.0
Bia_Truc_Bach,"(802, 263), (1033, 550)",66297,0.0,0.0
Fanta,"(0, 632), (172, 720)",15136,0.0,0.0
Bia_Truc_Bach,"(810, 258), (1036, 550)",65992,0.0,0.0
Fanta,"(0, 632), (172, 720)",15136,0.0,0.0
Bia_Truc_Bach,"(813, 255), (1036, 546)",64893,0.0,0.0
Fanta,"(0, 633), (172, 720)",14964,0.0,0.0
Bia_Truc_Bach,"(813, 253), (1038, 541)",64800,0.0,0.0
Fanta,"(0, 632), (172, 720)",15136,0.0,0.0
Bia_Truc_Bach,"(815, 249), (1037, 536)",63714,0.0,0.0
Fanta,"(0, 632), (172, 720)",15136,0.0,0.0
Bia_Truc_Bach,"(818, 244), (1040, 529)",63270,0.0,0.0
Fanta,"(0, 632), (172, 720)",15136,0.0,0.0
Bia_Truc_Bach,"(818, 237), (1039, 522)",62985,0.0,0.0
Fanta,"(0, 632), (172, 720)",15136,0.0,0.0
Bia_Truc_Bach,"(820, 229), (1037, 518)",62713,62703.1953125,99.98436578141693
Fanta,"(0, 633), (172, 720)",14964,0.0,0.0
Bia_Truc_Bach,"(819, 229), (1038, 518)",63291,62703.1953125,99.07126655053641
Bia_Truc_Bach,"(822, 220), (1039, 507)",62279,0.0,0.0
Fanta,"(0, 632), (173, 720)",15224,0.0,0.0
Bia_Truc_Bach,"(821, 209), (1041, 493)",62480,0.0,0.0
Fanta,"(0, 632), (173, 720)",15224,0.0,0.0
Bia_Truc_Bach,"(822, 198), (1042, 490)",64240,0.0,0.0
Fanta,"(0, 633), (173, 720)",15051,0.0,0.0
Bia_Truc_Bach,"(822, 186), (1048, 463)",62602,0.0,0.0
Fanta,"(0, 633), (172, 720)",14964,0.0,0.0
Bia_Truc_Bach,"(823, 172), (1046, 453)",62663,0.0,0.0
Fanta,"(0, 632), (172, 720)",15136,0.0,0.0
Bia_Truc_Bach,"(827, 152), (1059, 427)",63800,0.0,0.0
Fanta,"(0, 632), (172, 720)",15136,0.0,0.0
Bia_Truc_Bach,"(830, 141), (1048, 408)",58206,0.0,0.0
Fanta,"(0, 632), (172, 720)",15136,0.0,0.0
Bia_Truc_Bach,"(833, 124), (1053, 396)",59840,0.0,0.0
Fanta,"(0, 632), (173, 720)",15224,0.0,0.0
Bia_Truc_Bach,"(833, 111), (1044, 372)",55071,0.0,0.0
Fanta,"(0, 632), (172, 720)",15136,0.0,0.0
Bia_Truc_Bach,"(829, 93), (1053, 369)",61824,0.0,0.0
Fanta,"(0, 632), (172, 720)",15136,0.0,0.0
Bia_Truc_Bach,"(822, 82), (1045, 358)",61548,0.0,0.0
Fanta,"(0, 632), (172, 720)",15136,0.0,0.0
Bia_Truc_Bach,"(812, 77), (1042, 347)",62100,0.0,0.0
Fanta,"(0, 633), (173, 720)",15051,0.0,0.0
Bia_Truc_Bach,"(803, 71), (1030, 338)",60609,0.0,0.0
Fanta,"(0, 633), (173, 720)",15051,0.0,0.0
Bia_Truc_Bach,"(784, 70), (1013, 334)",60456,0.0,0.0
Fanta,"(0, 633), (173, 720)",15051,0.0,0.0
Bia_Truc_Bach,"(765, 68), (991, 336)",60568,0.0,0.0
Fanta,"(0, 633), (172, 720)",14964,0.0,0.0
Bia_Truc_Bach,"(740, 70), (970, 333)",60490,0.0,0.0
Fanta,"(0, 633), (172, 720)",14964,0.0,0.0
Bia_Truc_Bach,"(714, 73), (950, 339)",62776,0.0,0.0
Fanta,"(0, 633), (172, 720)",14964,0.0,0.0
Bia_Truc_Bach,"(687, 76), (922, 338)",61570,0.0,0.0
Fanta,"(0, 632), (173, 720)",15224,0.0,0.0
Bia_Truc_Bach,"(668, 79), (904, 346)",63012,0.0,0.0
Fanta,"(0, 632), (173, 720)",15224,0.0,0.0
Bia_Truc_Bach,"(641, 83), (869, 353)",61560,0.0,0.0
Fanta,"(0, 632), (172, 720)",15136,0.0,0.0
Bia_Truc_Bach,"(614, 86), (840, 350)",59664,0.0,0.0
Fanta,"(0, 632), (172, 720)",15136,0.0,0.0
Bia_Truc_Bach,"(592, 86), (817, 353)",60075,0.0,0.0
Fanta,"(0, 631), (172, 720)",15308,0.0,0.0
Bia_Truc_Bach,"(566, 87), (790, 349)",58688,0.0,0.0
Fanta,"(0, 631), (172, 720)",15308,0.0,0.0
Bia_Truc_Bach,"(547, 87), (771, 346)",58016,0.0,0.0
Fanta,"(0, 632), (172, 720)",15136,0.0,0.0
Bia_Truc_Bach,"(518, 85), (752, 348)",61542,0.0,0.0
Fanta,"(0, 631), (173, 720)",15397,0.0,0.0
Bia_Truc_Bach,"(499, 85), (727, 345)",59280,0.0,0.0
Fanta,"(0, 631), (173, 720)",15397,0.0,0.0
Bia_Truc_Bach,"(476, 84), (707, 346)",60522,0.0,0.0
Fanta,"(0, 632), (172, 720)",15136,0.0,0.0
Fanta,"(0, 634), (173, 720)",14878,0.0,0.0
Bia_Truc_Bach,"(451, 86), (678, 353)",60609,60587.10546875,99.96387577546238
Bia_Truc_Bach,"(450, 86), (678, 355)",61332,60587.10546875,98.78547164408465
Bia_Truc_Bach,"(423, 88), (664, 359)",65311,0.0,0.0
Fanta,"(0, 633), (172, 720)",14964,0.0,0.0
Bia_Truc_Bach,"(400, 87), (647, 354)",65949,0.0,0.0
Fanta,"(0, 633), (173, 720)",15051,0.0,0.0
Bia_Truc_Bach,"(374, 88), (627, 358)",68310,0.0,0.0
Fanta,"(0, 632), (173, 720)",15224,0.0,0.0
Bia_Truc_Bach,"(351, 92), (603, 360)",67536,0.0,0.0
Fanta,"(0, 632), (173, 720)",15224,0.0,0.0
Bia_Truc_Bach,"(328, 96), (581, 361)",67045,0.0,0.0
Fanta,"(0, 630), (173, 720)",15570,0.0,0.0
Bia_Truc_Bach,"(304, 101), (571, 367)",71022,0.0,0.0
Fanta,"(0, 630), (173, 720)",15570,0.0,0.0
Bia_Truc_Bach,"(289, 110), (554, 370)",68900,0.0,0.0
Fanta,"(0, 630), (174, 720)",15660,0.0,0.0
Bia_Truc_Bach,"(271, 115), (535, 376)",68904,0.0,0.0
Fanta,"(0, 630), (173, 720)",15570,0.0,0.0
Bia_Truc_Bach,"(258, 120), (522, 385)",69960,0.0,0.0
Fanta,"(0, 631), (173, 720)",15397,0.0,0.0
Bia_Truc_Bach,"(247, 123), (515, 387)",70752,0.0,0.0
Fanta,"(0, 631), (173, 720)",15397,0.0,0.0
Bia_Truc_Bach,"(238, 129), (502, 388)",68376,0.0,0.0
Fanta,"(0, 631), (173, 720)",15397,0.0,0.0
Bia_Truc_Bach,"(233, 131), (493, 388)",66820,0.0,0.0
Fanta,"(0, 632), (173, 720)",15224,0.0,0.0
Bia_Truc_Bach,"(232, 134), (501, 391)",69133,0.0,0.0
Fanta,"(0, 632), (172, 720)",15136,0.0,0.0
Bia_Truc_Bach,"(233, 138), (499, 392)",67564,0.0,0.0
Fanta,"(0, 631), (173, 720)",15397,0.0,0.0
Bia_Truc_Bach,"(233, 143), (510, 396)",70081,0.0,0.0
Fanta,"(0, 631), (173, 720)",15397,0.0,0.0
Bia_Truc_Bach,"(237, 149), (515, 401)",70056,0.0,0.0
Fanta,"(0, 631), (173, 720)",15397,0.0,0.0
Bia_Truc_Bach,"(243, 158), (519, 404)",67896,0.0,0.0
Fanta,"(0, 631), (173, 720)",15397,0.0,0.0
Bia_Truc_Bach,"(241, 167), (520, 412)",68355,0.0,0.0
Fanta,"(0, 630), (173, 720)",15570,0.0,0.0
Bia_Truc_Bach,"(241, 180), (522, 423)",68283,0.0,0.0
Fanta,"(0, 630), (173, 720)",15570,0.0,0.0
Bia_Truc_Bach,"(239, 195), (525, 435)",68640,0.0,0.0
Fanta,"(0, 629), (176, 720)",16016,0.0,0.0
Bia_Truc_Bach,"(235, 217), (523, 445)",65664,0.0,0.0
Fanta,"(0, 629), (176, 720)",16016,0.0,0.0
Bia_Truc_Bach,"(231, 233), (520, 458)",65025,0.0,0.0
Fanta,"(0, 629), (176, 720)",16016,0.0,0.0
Bia_Truc_Bach,"(230, 255), (523, 470)",62995,0.0,0.0
Fanta,"(0, 630), (175, 720)",15750,0.0,0.0
Bia_Truc_Bach,"(228, 279), (526, 491)",63176,0.0,0.0
Fanta,"(0, 629), (175, 720)",15925,0.0,0.0
Bia_Truc_Bach,"(226, 299), (523, 501)",59994,0.0,0.0
Fanta,"(0, 630), (176, 720)",15840,0.0,0.0
Bia_Truc_Bach,"(224, 325), (521, 519)",57618,0.0,0.0
Fanta,"(0, 631), (177, 720)",15753,0.0,0.0
Bia_Truc_Bach,"(221, 349), (515, 529)",52920,0.0,0.0
Bia_Truc_Bach,"(218, 367), (516, 536)",50362,0.0,0.0
Bia_Truc_Bach,"(217, 392), (518, 550)",47558,0.0,0.0
Bia_Truc_Bach,"(211, 410), (520, 560)",46350,0.0,0.0
Bia_Truc_Bach,"(212, 419), (515, 569)",45450,0.0,0.0
Bia_Truc_Bach,"(210, 426), (514, 577)",45904,0.0,0.0
Bia_Truc_Bach,"(211, 428), (515, 583)",47120,0.0,0.0
Bia_Truc_Bach,"(217, 429), (524, 589)",49120,0.0,0.0
Bia_Truc_Bach,"(219, 429), (526, 590)",49427,0.0,0.0
Bia_Truc_Bach,"(223, 426), (534, 589)",50693,0.0,0.0
Bia_Truc_Bach,"(228, 424), (548, 587)",52160,0.0,0.0
Bia_Truc_Bach,"(233, 423), (551, 587)",52152,0.0,0.0
Bia_Truc_Bach,"(244, 420), (563, 580)",51040,0.0,0.0
Bia_Truc_Bach,"(253, 418), (568, 574)",49140,0.0,0.0
Bia_Truc_Bach,"(262, 413), (590, 569)",51168,0.0,0.0
Bia_Truc_Bach,"(286, 411), (592, 567)",47736,0.0,0.0
Bia_Truc_Bach,"(295, 411), (622, 566)",50685,0.0,0.0
Fanta,"(0, 631), (175, 720)",15575,0.0,0.0
Bia_Truc_Bach,"(316, 412), (641, 565)",49725,0.0,0.0
Fanta,"(0, 631), (175, 720)",15575,0.0,0.0
Bia_Truc_Bach,"(326, 410), (659, 566)",51948,0.0,0.0
Fanta,"(0, 631), (174, 720)",15486,0.0,0.0
Bia_Truc_Bach,"(344, 408), (675, 570)",53622,0.0,0.0
Fanta,"(0, 631), (174, 720)",15486,0.0,0.0
Bia_Truc_Bach,"(363, 408), (686, 568)",51680,0.0,0.0
Fanta,"(0, 631), (173, 720)",15397,0.0,0.0
Bia_Truc_Bach,"(378, 412), (700, 569)",50554,0.0,0.0
Fanta,"(0, 632), (173, 720)",15224,0.0,0.0
Bia_Truc_Bach,"(388, 411), (706, 571)",50880,0.0,0.0
Fanta,"(0, 633), (173, 720)",15051,0.0,0.0
Bia_Truc_Bach,"(405, 413), (723, 572)",50562,0.0,0.0
Fanta,"(0, 632), (174, 720)",15312,0.0,0.0
Bia_Truc_Bach,"(422, 413), (744, 574)",51842,0.0,0.0
Fanta,"(0, 633), (173, 720)",15051,0.0,0.0
Bia_Truc_Bach,"(436, 410), (761, 574)",53300,0.0,0.0
Fanta,"(0, 634), (173, 720)",14878,0.0,0.0
Bia_Truc_Bach,"(450, 411), (778, 577)",54448,0.0,0.0
Fanta,"(0, 633), (172, 720)",14964,0.0,0.0
Bia_Truc_Bach,"(464, 411), (788, 585)",56376,0.0,0.0
Fanta,"(0, 633), (172, 720)",14964,0.0,0.0
Bia_Truc_Bach,"(484, 409), (803, 589)",57420,0.0,0.0
Fanta,"(0, 633), (172, 720)",14964,0.0,0.0
Bia_Truc_Bach,"(488, 411), (816, 590)",58712,0.0,0.0
Fanta,"(0, 633), (172, 720)",14964,0.0,0.0
Bia_Truc_Bach,"(512, 412), (832, 602)",60800,0.0,0.0
Fanta,"(0, 632), (172, 720)",15136,0.0,0.0
Bia_Truc_Bach,"(529, 412), (845, 614)",63832,0.0,0.0
Fanta,"(0, 632), (172, 720)",15136,0.0,0.0
Bia_Truc_Bach,"(542, 412), (859, 622)",66570,0.0,0.0
Fanta,"(0, 632), (172, 720)",15136,0.0,0.0
Bia_Truc_Bach,"(560, 410), (876, 623)",67308,0.0,0.0
Fanta,"(0, 631), (172, 720)",15308,0.0,0.0
Bia_Truc_Bach,"(576, 410), (891, 632)",69930,0.0,0.0
Fanta,"(0, 631), (172, 720)",15308,0.0,0.0
Bia_Truc_Bach,"(587, 406), (909, 640)",75348,0.0,0.0
Fanta,"(0, 631), (172, 720)",15308,0.0,0.0
Bia_Truc_Bach,"(589, 394), (921, 655)",86652,0.0,0.0
Fanta,"(0, 631), (172, 720)",15308,0.0,0.0
Bia_Truc_Bach,"(633, 390), (933, 665)",82500,0.0,0.0
Fanta,"(0, 631), (171, 720)",15219,0.0,0.0
Bia_Truc_Bach,"(655, 385), (944, 668)",81787,0.0,0.0
Fanta,"(0, 631), (171, 720)",15219,0.0,0.0
Fanta,"(0, 632), (171, 720)",15048,0.0,0.0
Bia_Truc_Bach,"(669, 373), (951, 667)",82908,0.0,0.0
Bia_Truc_Bach,"(682, 368), (961, 665)",82863,0.0,0.0
Fanta,"(0, 631), (171, 720)",15219,0.0,0.0
Bia_Truc_Bach,"(697, 359), (963, 662)",80598,0.0,0.0
Fanta,"(0, 631), (171, 720)",15219,0.0,0.0
Bia_Truc_Bach,"(705, 351), (967, 657)",80172,0.0,0.0
Fanta,"(0, 631), (171, 720)",15219,0.0,0.0
Bia_Truc_Bach,"(712, 340), (966, 654)",79756,0.0,0.0
Fanta,"(0, 631), (172, 720)",15308,0.0,0.0
Bia_Truc_Bach,"(727, 334), (964, 647)",74181,0.0,0.0
Fanta,"(0, 631), (171, 720)",15219,0.0,0.0
Bia_Truc_Bach,"(743, 318), (964, 634)",69836,0.0,0.0
Fanta,"(0, 632), (171, 720)",15048,0.0,0.0
Bia_Truc_Bach,"(752, 301), (965, 621)",68160,0.0,0.0
Fanta,"(0, 632), (171, 720)",15048,0.0,0.0
Bia_Truc_Bach,"(764, 289), (964, 609)",64000,0.0,0.0
Fanta,"(0, 632), (171, 720)",15048,0.0,0.0
Bia_Truc_Bach,"(779, 276), (968, 592)",59724,0.0,0.0
Fanta,"(0, 632), (171, 720)",15048,0.0,0.0
Bia_Truc_Bach,"(794, 262), (969, 575)",54775,0.0,0.0
Fanta,"(0, 632), (171, 720)",15048,0.0,0.0
Bia_Truc_Bach,"(806, 250), (972, 559)",51294,0.0,0.0
Fanta,"(0, 632), (172, 720)",15136,0.0,0.0
Bia_Truc_Bach,"(814, 235), (972, 544)",48822,0.0,0.0
Fanta,"(0, 632), (172, 720)",15136,0.0,0.0
Bia_Truc_Bach,"(825, 223), (973, 529)",45288,0.0,0.0
Fanta,"(0, 633), (172, 720)",14964,0.0,0.0
Bia_Truc_Bach,"(830, 207), (975, 511)",44080,0.0,0.0
Fanta,"(0, 632), (173, 720)",15224,0.0,0.0
Bia_Truc_Bach,"(840, 193), (976, 500)",41752,0.0,0.0
Fanta,"(0, 633), (173, 720)",15051,0.0,0.0
Bia_Truc_Bach,"(841, 181), (976, 487)",41310,0.0,0.0
Fanta,"(0, 633), (173, 720)",15051,0.0,0.0
Bia_Truc_Bach,"(842, 170), (974, 477)",40524,0.0,0.0
Fanta,"(0, 633), (173, 720)",15051,0.0,0.0
Bia_Truc_Bach,"(840, 163), (972, 465)",39864,0.0,0.0
Fanta,"(0, 633), (172, 720)",14964,0.0,0.0
Fanta,"(0, 633), (172, 720)",14964,0.0,0.0
Bia_Truc_Bach,"(838, 158), (970, 459)",39732,0.0,0.0
Bia_Truc_Bach,"(835, 156), (966, 457)",39431,0.0,0.0
Fanta,"(0, 633), (172, 720)",14964,0.0,0.0
Bia_Truc_Bach,"(830, 158), (963, 459)",40033,0.0,0.0
Fanta,"(0, 633), (172, 720)",14964,0.0,0.0
Bia_Truc_Bach,"(829, 159), (961, 461)",39864,0.0,0.0
Fanta,"(0, 633), (172, 720)",14964,0.0,0.0
Bia_Truc_Bach,"(828, 161), (961, 464)",40299,0.0,0.0
Fanta,"(0, 633), (172, 720)",14964,0.0,0.0
Bia_Truc_Bach,"(828, 163), (960, 466)",39996,0.0,0.0
Fanta,"(0, 634), (172, 720)",14792,0.0,0.0
Bia_Truc_Bach,"(828, 166), (960, 473)",40524,0.0,0.0
Fanta,"(0, 633), (172, 720)",14964,0.0,0.0
Bia_Truc_Bach,"(830, 170), (962, 481)",41052,0.0,0.0
Fanta,"(0, 633), (173, 720)",15051,0.0,0.0
Bia_Truc_Bach,"(831, 177), (965, 487)",41540,0.0,0.0
Fanta,"(0, 633), (172, 720)",14964,0.0,0.0
